<?xml version="1.0" encoding="UTF-8"?>
<addon id="repository.rubencinrs" name="[COLOR orchid]RUBENCINRS REPO[/COLOR]" provider-name="RubencinRS" version="0.0.1">
    <extension point="xbmc.addon.repository" name="RubencinRS Repo">
        <info>https://raw.githubusercontent.com/RubencinRS/kodi/main/addons.xml</info>
        <checksum>https://raw.githubusercontent.com/RubencinRS/kodi/main/addons.xml.md5</checksum>
    </extension>
    <extension point="xbmc.addon.metadata">
        <summary>RubencinRS Personal Repo</summary>
        <description>La casa del Chorlit supremo</description>
        <platform>all</platform>
        <assets>
            <icon>icon.png</icon>
            <fanart>fanart.jpg</fanart>
        </assets>
    </extension>
</addon>