<?xml version="1.0" encoding="UTF-8"?>
<addon id="repository.rubencinrs" name="[COLOR orchid]RUBENCINRS REPO[/COLOR]" provider-name="RubencinRS" version="0.0.1">
    <extension point="xbmc.addon.repository" name="RubencinRS Repo">
        <!-- repository.rubencinrs -->
        <dir>
            <info>https://raw.githubusercontent.com/RubencinRS/kodi/main/addons.xml</info>
            <checksum>https://raw.githubusercontent.com/RubencinRS/kodi/main/addons.xml.md5</checksum>
            <datadir>https://raw.githubusercontent.com/RubencinRS/kodi/main/</datadir>
        </dir>
        <!-- a4k subtitles -->
        <dir minversion="18.0">
            <info compressed="false">https://raw.githubusercontent.com/a4k-openproject/repository.addons4kodi/master/zips/addons.xml</info>
            <checksum>https://raw.githubusercontent.com/a4k-openproject/repository.addons4kodi/master/zips/addons.xml.md5</checksum>
            <datadir zip="true">https://raw.githubusercontent.com/a4k-openproject/repository.addons4kodi/master/zips/</datadir>
        </dir>
        <dir minversion="18.0" maxversion="18.9.9">
            <info compressed="false">https://raw.githubusercontent.com/a4k-openproject/repository.openscrapers/master/zips/addons.xml</info>
            <checksum>https://raw.githubusercontent.com/a4k-openproject/repository.openscrapers/master/zips/addons.xml.md5</checksum>
            <datadir zip="true">https://raw.githubusercontent.com/a4k-openproject/repository.openscrapers/master/zips/</datadir>
        </dir>
        <dir minversion="18.0" maxversion="18.9.9">
            <info compressed="false">https://raw.githubusercontent.com/a4k-openproject/repository.openwizard/master/leia/zips/addons.xml</info>
            <checksum>https://raw.githubusercontent.com/a4k-openproject/repository.openwizard/master/leia/zips/addons.xml.md5</checksum>
            <datadir zip="true">https://raw.githubusercontent.com/a4k-openproject/repository.openwizard/master/leia/zips/</datadir>
        </dir>
        <dir minversion="19.0">
            <info compressed="false">https://raw.githubusercontent.com/a4k-openproject/repository.openwizard/master/matrix/zips/addons.xml</info>
            <checksum>https://raw.githubusercontent.com/a4k-openproject/repository.openwizard/master/matrix/zips/addons.xml.md5</checksum>
            <datadir zip="true">https://raw.githubusercontent.com/a4k-openproject/repository.openwizard/master/matrix/zips/</datadir>
        </dir>
        <dir minversion="18.0">
            <info>https://raw.githubusercontent.com/newt-sc/a4kStreaming/master/packages/addons.xml</info>
            <checksum>https://raw.githubusercontent.com/newt-sc/a4kStreaming/master/packages/addons.xml.crc</checksum>
            <datadir>https://github.com/newt-sc/a4kStreaming/archive</datadir>
            <artdir>https://github.com/newt-sc/a4kStreaming/releases/download/v0.1.0</artdir>
        </dir>
        <dir minversion="18.0">
            <info>https://raw.githubusercontent.com/newt-sc/a4kSubtitles/master/packages/addons.xml</info>
            <checksum>https://raw.githubusercontent.com/newt-sc/a4kSubtitles/master/packages/addons.xml.crc</checksum>
            <datadir>https://github.com/newt-sc/a4kSubtitles/archive</datadir>
            <artdir>https://github.com/a4k-openproject/a4kSubtitles/releases/download/v0.0.13</artdir>
        </dir>
        <!-- the crew -->
        <dir minversion="16.0.0" maxversion="18.9.9">
            <info compressed="false">https://raw.githubusercontent.com/thecrewwh/zips/master/_zip/addons.xml</info>
            <checksum>https://raw.githubusercontent.com/thecrewwh/zips/master/_zip/addons.xml.md5</checksum>
            <datadir zip="true">https://raw.githubusercontent.com/thecrewwh/zips/master/_zip</datadir>
        </dir>
        <dir minversion="18.9.9">
            <info compressed="false">https://raw.githubusercontent.com/thecrewwh/zips/master/matrix/_zip/addons.xml</info>
            <checksum>https://raw.githubusercontent.com/thecrewwh/zips/master//matrix/_zip/addons.xml.md5</checksum>
            <datadir zip="true">https://raw.githubusercontent.com/thecrewwh/zips/master//matrix/_zip</datadir>
        </dir>
        <dir>
            <info compressed="false">https://raw.githubusercontent.com/Gujal00/smrzips/master/addons.xml</info>
            <checksum>https://raw.githubusercontent.com/Gujal00/smrzips/master/addons.xml.md5</checksum>
            <datadir zip="true">https://raw.githubusercontent.com/Gujal00/smrzips/master/zips/</datadir>
        </dir>
        <dir>
            <info compressed="false">https://raw.githubusercontent.com/teamuniversal/scrapers/master/_modules4all/zips/addons.xml</info>
            <checksum>https://raw.githubusercontent.com/teamuniversal/scrapers/master/_modules4all/zips/addons.xml.md5</checksum>
            <datadir zip="true">https://raw.githubusercontent.com/teamuniversal/scrapers/master/_modules4all/zips/</datadir>
        </dir>
        <dir>
            <info compressed="false">https://raw.githubusercontent.com/dobbelina/repository.dobbelina/master/addons.xml</info>
            <checksum>https://raw.githubusercontent.com/dobbelina/repository.dobbelina/master/addons.xml.md5</checksum>
            <datadir zip="true">https://raw.githubusercontent.com/dobbelina/repository.dobbelina/master/</datadir>
        </dir>
        <dir>
            <info compressed="false">https://raw.githubusercontent.com/a4k-openproject/repository.openscrapers/master/zips/addons.xml</info>
            <checksum>https://raw.githubusercontent.com/a4k-openproject/repository.openscrapers/master/zips/addons.xml.md5</checksum>
            <datadir zip="true">https://raw.githubusercontent.com/a4k-openproject/repository.openscrapers/master/zips/</datadir>
        </dir>
        <dir>
            <info compressed="false">https://raw.githubusercontent.com/therealatreides/housetools/master/code/_housefiles/addons.xml</info>
            <checksum>https://raw.githubusercontent.com/therealatreides/housetools/master/code/_housefiles/addons.xml.md5</checksum>
            <datadir zip="true">https://raw.githubusercontent.com/therealatreides/housetools/master/code/_housefiles/</datadir>
        </dir>
        <!-- luar -->
        <dir minversion="18.9.0">
            <info compressed="false">https://raw.githubusercontent.com/Masterwine/Luar/master/repor/addons.xml</info>
            <checksum>https://raw.githubusercontent.com/Masterwine/Luar/master/repor/addons.xml.md5</checksum>
            <datadir zip="true">https://raw.githubusercontent.com/Masterwine/Luar/master/repor/</datadir>
        </dir>
        <!-- elementum -->
        <dir>
            <info>http://127.0.0.1:65223/addons.xml</info>
            <checksum>http://127.0.0.1:65223/addons.xml.md5</checksum>
            <datadir>http://127.0.0.1:65223/</datadir>
        </dir>
    </extension>
    <extension point="xbmc.addon.metadata">
        <summary>RubencinRS Personal Repo</summary>
        <description>La casa del Chorlit supremo</description>
        <platform>all</platform>
        <assets>
            <icon>icon.png</icon>
            <fanart>fanart.jpg</fanart>
        </assets>
    </extension>
</addon>